Season,Date,HomeTeam,AwayTeam,FTHG,FTAG,FTR,HST,AST,HS,AS,HF,AF
2016/17,20/08/16,Barcelona,Betis,6,2,H,12,2,30,6,17,13
2016/17,28/08/16,Ath Bilbao,Barcelona,0,1,A,4,3,9,12,20,13
2016/17,10/09/16,Barcelona,Alaves,1,2,A,2,4,16,5,12,12
2016/17,17/09/16,Leganes,Barcelona,1,5,A,6,7,15,10,28,7
2016/17,21/09/16,Barcelona,Ath Madrid,1,1,D,7,4,19,9,14,17
2016/17,24/09/16,Sp Gijon,Barcelona,0,5,A,3,7,10,13,15,10
2016/17,02/10/16,Celta,Barcelona,4,3,H,9,4,14,13,16,11
2016/17,15/10/16,Barcelona,La Coruna,4,0,H,8,0,25,7,5,15
2016/17,22/10/16,Valencia,Barcelona,2,3,A,4,8,7,15,15,13
2016/17,29/10/16,Barcelona,Granada,1,0,H,5,0,15,1,7,17
2016/17,06/11/16,Sevilla,Barcelona,1,2,A,4,7,15,14,18,12
2016/17,19/11/16,Barcelona,Malaga,0,0,D,8,1,28,4,13,12
2016/17,27/11/16,Sociedad,Barcelona,1,1,D,6,2,17,10,16,11
2016/17,03/12/16,Barcelona,Real Madrid,1,1,D,2,5,11,14,19,16
2016/17,10/12/16,Osasuna,Barcelona,0,3,A,1,6,4,17,18,6
2016/17,18/12/16,Barcelona,Espanol,4,1,H,7,1,14,4,11,16
2016/17,08/01/17,Villarreal,Barcelona,1,1,D,3,7,6,20,16,13
2016/17,14/01/17,Barcelona,Las Palmas,5,0,H,10,1,22,7,15,11
2016/17,22/01/17,Eibar,Barcelona,0,4,A,6,7,14,14,12,4
2016/17,29/01/17,Betis,Barcelona,1,1,D,7,4,17,10,17,12
2016/17,04/02/17,Barcelona,Ath Bilbao,3,0,H,6,5,16,10,11,18
2016/17,11/02/17,Alaves,Barcelona,0,6,A,4,9,9,21,16,9
2016/17,19/02/17,Barcelona,Leganes,2,1,H,6,6,13,11,8,18
2016/17,26/02/17,Ath Madrid,Barcelona,1,2,A,4,6,12,15,28,14
2016/17,01/03/17,Barcelona,Sp Gijon,6,1,H,9,2,25,5,14,12
2016/17,04/03/17,Barcelona,Celta,5,0,H,9,2,19,7,10,16
2016/17,12/03/17,La Coruna,Barcelona,2,1,H,9,5,14,16,7,8
2016/17,19/03/17,Barcelona,Valencia,4,2,H,12,5,28,6,4,12
2016/17,02/04/17,Granada,Barcelona,1,4,A,5,13,7,26,15,10
2016/17,05/04/17,Barcelona,Sevilla,3,0,H,7,3,15,7,16,13
2016/17,08/04/17,Malaga,Barcelona,2,0,H,4,3,8,11,26,20
2016/17,15/04/17,Barcelona,Sociedad,3,2,H,9,7,16,14,15,17
2016/17,23/04/17,Real Madrid,Barcelona,2,3,A,14,9,22,16,13,8
2016/17,26/04/17,Barcelona,Osasuna,7,1,H,9,2,19,3,3,7
2016/17,29/04/17,Espanol,Barcelona,0,3,A,3,9,6,15,19,18
2016/17,06/05/17,Barcelona,Villarreal,4,1,H,8,4,20,8,10,13
2016/17,14/05/17,Las Palmas,Barcelona,1,4,A,5,5,11,11,13,15
2016/17,21/05/17,Barcelona,Eibar,4,2,H,11,4,18,6,3,16
2017/18,20/08/17,Barcelona,Betis,2,0,H,2,0,15,3,16,15
2017/18,26/08/17,Alaves,Barcelona,0,2,A,2,11,11,23,12,10
2017/18,09/09/17,Barcelona,Espanol,5,0,H,9,1,20,9,11,18
2017/18,16/09/17,Getafe,Barcelona,1,2,A,4,5,13,7,15,14
2017/18,19/09/17,Barcelona,Eibar,6,1,H,10,4,11,13,4,9
2017/18,23/09/17,Girona,Barcelona,0,3,A,2,5,13,9,21,5
2017/18,01/10/17,Barcelona,Las Palmas,3,0,H,10,1,22,10,10,11
2017/18,14/10/17,Ath Madrid,Barcelona,1,1,D,4,7,5,15,12,10
2017/18,21/10/17,Barcelona,Malaga,2,0,H,4,5,12,13,10,11
2017/18,28/10/17,Ath Bilbao,Barcelona,0,2,A,5,5,17,17,15,12
2017/18,04/11/17,Barcelona,Sevilla,2,1,H,6,3,18,8,10,12
2017/18,18/11/17,Leganes,Barcelona,0,3,A,7,7,18,11,25,10
2017/18,26/11/17,Valencia,Barcelona,1,1,D,1,8,8,12,12,11
2017/18,02/12/17,Barcelona,Celta,2,2,D,7,5,21,10,11,12
2017/18,10/12/17,Villarreal,Barcelona,0,2,A,5,6,9,16,18,13
2017/18,17/12/17,Barcelona,La Coruna,4,0,H,11,3,23,10,12,10
2017/18,23/12/17,Real Madrid,Barcelona,0,3,A,5,11,14,18,14,10
2017/18,07/01/18,Barcelona,Levante,3,0,H,8,2,16,9,10,22
2017/18,14/01/18,Sociedad,Barcelona,2,4,A,6,5,15,11,15,13
2017/18,21/01/18,Betis,Barcelona,0,5,A,2,10,7,14,12,9
2017/18,28/01/18,Barcelona,Alaves,2,1,H,12,4,18,7,6,18
2017/18,04/02/18,Espanol,Barcelona,1,1,D,2,2,7,12,15,12
2017/18,11/02/18,Barcelona,Getafe,0,0,D,6,1,12,10,7,13
2017/18,17/02/18,Eibar,Barcelona,0,2,A,3,6,13,10,13,6
2017/18,24/02/18,Barcelona,Girona,6,1,H,14,4,21,10,11,11
2017/18,01/03/18,Las Palmas,Barcelona,1,1,D,1,4,12,10,18,13
2017/18,04/03/18,Barcelona,Ath Madrid,1,0,H,5,1,16,6,16,20
2017/18,10/03/18,Malaga,Barcelona,0,2,A,2,9,6,20,15,9
2017/18,18/03/18,Barcelona,Ath Bilbao,2,0,H,9,3,18,10,7,14
2017/18,31/03/18,Sevilla,Barcelona,2,2,D,6,9,21,20,11,7
2017/18,07/04/18,Barcelona,Leganes,3,1,H,6,1,12,11,14,12
2017/18,14/04/18,Barcelona,Valencia,2,1,H,7,6,12,17,9,11
2017/18,17/04/18,Celta,Barcelona,2,2,D,8,6,18,14,9,7
2017/18,29/04/18,La Coruna,Barcelona,2,4,A,5,9,17,21,9,9
2017/18,06/05/18,Barcelona,Real Madrid,2,2,D,4,5,11,17,8,20
2017/18,09/05/18,Barcelona,Villarreal,5,1,H,6,7,12,20,6,15
2017/18,13/05/18,Levante,Barcelona,5,4,H,7,7,12,18,18,12
2017/18,20/05/18,Barcelona,Sociedad,1,0,H,4,2,12,13,13,13
2018/19,18/08/2018,Barcelona,Alaves,3,0,H,9,0,25,3,6,13
2018/19,25/08/2018,Valladolid,Barcelona,0,1,A,4,5,7,10,13,11
2018/19,02/09/2018,Barcelona,Huesca,8,2,H,15,3,31,7,6,12
2018/19,15/09/2018,Sociedad,Barcelona,1,2,A,5,6,8,12,18,8
2018/19,23/09/2018,Barcelona,Girona,2,2,D,11,6,22,7,9,16
2018/19,26/09/2018,Leganes,Barcelona,2,1,H,6,5,10,9,15,11
2018/19,29/09/2018,Barcelona,Ath Bilbao,1,1,D,8,2,20,8,9,18
2018/19,07/10/2018,Valencia,Barcelona,1,1,D,3,5,10,10,11,6
2018/19,20/10/2018,Barcelona,Sevilla,4,2,H,9,7,23,19,10,16
2018/19,28/10/2018,Barcelona,Real Madrid,5,1,H,8,4,13,15,17,14
2018/19,03/11/2018,Vallecano,Barcelona,2,3,A,5,5,11,9,23,11
2018/19,11/11/2018,Barcelona,Betis,3,4,A,5,8,20,15,13,11
2018/19,24/11/2018,Ath Madrid,Barcelona,1,1,D,1,2,3,8,19,12
2018/19,02/12/2018,Barcelona,Villarreal,2,0,H,7,2,16,12,9,17
2018/19,08/12/2018,Espanol,Barcelona,0,4,A,3,9,15,17,16,10
2018/19,16/12/2018,Levante,Barcelona,0,5,A,6,9,20,16,12,9
2018/19,22/12/2018,Barcelona,Celta,2,0,H,5,1,9,11,14,15
2018/19,06/01/2019,Getafe,Barcelona,1,2,A,2,8,10,12,23,12
2018/19,13/01/2019,Barcelona,Eibar,3,0,H,6,2,7,15,10,12
2018/19,20/01/2019,Barcelona,Leganes,3,1,H,7,2,15,5,12,18
2018/19,27/01/2019,Girona,Barcelona,0,2,A,5,7,13,15,18,12
2018/19,02/02/2019,Barcelona,Valencia,2,2,D,8,7,20,14,8,5
2018/19,10/02/2019,Ath Bilbao,Barcelona,0,0,D,5,2,13,10,23,10
2018/19,16/02/2019,Barcelona,Valladolid,1,0,H,8,0,20,10,12,18
2018/19,23/02/2019,Sevilla,Barcelona,2,4,A,4,8,13,17,15,11
2018/19,02/03/2019,Real Madrid,Barcelona,0,1,A,3,4,17,10,16,13
2018/19,09/03/2019,Barcelona,Vallecano,3,1,H,6,1,12,8,12,17
2018/19,17/03/2019,Betis,Barcelona,1,4,A,3,9,13,16,10,11
2018/19,30/03/2019,Barcelona,Espanol,2,0,H,3,2,13,4,15,14
2018/19,02/04/2019,Villarreal,Barcelona,4,4,D,9,9,16,15,10,10
2018/19,06/04/2019,Barcelona,Ath Madrid,2,0,H,10,2,21,9,14,12
2018/19,13/04/2019,Huesca,Barcelona,0,0,D,1,2,6,10,18,13
2018/19,20/04/2019,Barcelona,Sociedad,2,1,H,4,2,11,9,10,12
2018/19,23/04/2019,Alaves,Barcelona,0,2,A,1,6,6,17,19,9
2018/19,27/04/2019,Barcelona,Levante,1,0,H,12,2,23,7,17,12
2018/19,04/05/2019,Celta,Barcelona,2,0,H,6,1,14,8,11,13
2018/19,12/05/2019,Barcelona,Getafe,2,0,H,8,0,13,11,9,13
2018/19,19/05/2019,Eibar,Barcelona,2,2,D,8,3,15,6,11,3
2019/20,16/08/2019,Ath Bilbao,Barcelona,1,0,H,5,2,11,11,14,9
2019/20,25/08/2019,Barcelona,Betis,5,2,H,7,3,20,4,14,12
2019/20,31/08/2019,Osasuna,Barcelona,2,2,D,5,4,15,8,16,9
2019/20,14/09/2019,Barcelona,Valencia,5,2,H,10,3,17,9,11,11
2019/20,21/09/2019,Granada,Barcelona,2,0,H,4,1,9,8,22,12
2019/20,24/09/2019,Barcelona,Villarreal,2,1,H,4,3,8,11,4,13
2019/20,28/09/2019,Getafe,Barcelona,0,2,A,1,6,8,10,23,17
2019/20,06/10/2019,Barcelona,Sevilla,4,0,H,8,4,15,16,10,12
2019/20,19/10/2019,Eibar,Barcelona,0,3,A,0,4,5,9,16,14
2019/20,29/10/2019,Barcelona,Valladolid,5,1,H,9,1,18,9,9,14
2019/20,02/11/2019,Levante,Barcelona,3,1,H,3,6,9,9,9,13
2019/20,09/11/2019,Barcelona,Celta,4,1,H,7,5,10,6,18,14
2019/20,23/11/2019,Leganes,Barcelona,1,2,A,4,6,9,11,11,10
2019/20,01/12/2019,Ath Madrid,Barcelona,0,1,A,2,5,17,13,12,11
2019/20,07/12/2019,Barcelona,Mallorca,5,2,H,17,3,25,9,15,10
2019/20,14/12/2019,Sociedad,Barcelona,2,2,D,5,5,19,9,7,8
2019/20,18/12/2019,Barcelona,Real Madrid,0,0,D,2,4,9,17,5,17
2019/20,21/12/2019,Barcelona,Alaves,4,1,H,4,3,8,5,10,11
2019/20,04/01/2020,Espanol,Barcelona,2,2,D,3,7,8,14,17,11
2019/20,19/01/2020,Barcelona,Granada,1,0,H,6,1,18,5,11,17
2019/20,25/01/2020,Valencia,Barcelona,2,0,H,6,5,8,14,13,16
2019/20,02/02/2020,Barcelona,Levante,2,1,H,9,5,23,10,6,10
2019/20,09/02/2020,Betis,Barcelona,2,3,A,3,6,7,10,21,17
2019/20,15/02/2020,Barcelona,Getafe,2,1,H,5,2,12,7,12,30
2019/20,22/02/2020,Barcelona,Eibar,5,0,H,11,5,13,12,8,19
2019/20,01/03/2020,Real Madrid,Barcelona,2,0,H,5,4,13,9,13,10
2019/20,07/03/2020,Barcelona,Sociedad,1,0,H,6,1,13,9,12,10
2019/20,13/06/2020,Mallorca,Barcelona,0,4,A,3,7,13,12,16,5
2019/20,16/06/2020,Barcelona,Leganes,2,0,H,5,2,10,6,16,16
2019/20,19/06/2020,Sevilla,Barcelona,0,0,D,4,4,8,10,17,8
2019/20,23/06/2020,Barcelona,Ath Bilbao,1,0,H,4,0,18,6,10,16
2019/20,27/06/2020,Celta,Barcelona,2,2,D,6,2,10,18,19,10
2019/20,30/06/2020,Barcelona,Ath Madrid,2,2,D,5,3,12,10,11,15
2019/20,05/07/2020,Villarreal,Barcelona,1,4,A,4,12,11,18,11,11
2019/20,08/07/2020,Barcelona,Espanol,1,0,H,2,2,9,11,8,12
2019/20,11/07/2020,Valladolid,Barcelona,0,1,A,4,6,13,9,15,13
2019/20,16/07/2020,Barcelona,Osasuna,1,2,A,3,5,19,9,7,14
2019/20,19/07/2020,Alaves,Barcelona,0,5,A,0,8,8,16,17,15
2020/21,27/09/2020,Barcelona,Villarreal,4,0,H,9,1,17,5,9,10
2020/21,01/10/2020,Celta,Barcelona,0,3,A,3,3,10,6,22,10
2020/21,04/10/2020,Barcelona,Sevilla,1,1,D,5,1,12,13,11,18
2020/21,17/10/2020,Getafe,Barcelona,1,0,H,4,1,9,7,20,10
2020/21,24/10/2020,Barcelona,Real Madrid,1,3,A,4,9,10,15,11,13
2020/21,31/10/2020,Alaves,Barcelona,1,1,D,3,9,4,25,16,4
2020/21,07/11/2020,Barcelona,Betis,5,2,H,9,6,18,12,8,10
2020/21,21/11/2020,Ath Madrid,Barcelona,1,0,H,2,4,9,13,12,6
2020/21,29/11/2020,Barcelona,Osasuna,4,0,H,11,5,20,10,8,12
2020/21,05/12/2020,Cadiz,Barcelona,2,1,H,3,8,7,21,10,7
2020/21,13/12/2020,Barcelona,Levante,1,0,H,13,3,24,7,4,15
2020/21,16/12/2020,Barcelona,Sociedad,2,1,H,4,5,14,12,18,14
2020/21,19/12/2020,Barcelona,Valencia,2,2,D,9,4,25,12,10,14
2020/21,22/12/2020,Valladolid,Barcelona,0,3,A,5,10,12,21,12,10
2020/21,29/12/2020,Barcelona,Eibar,1,1,D,5,3,16,9,6,15
2020/21,03/01/2021,Huesca,Barcelona,0,1,A,4,7,4,20,12,11
2020/21,06/01/2021,Ath Bilbao,Barcelona,2,3,A,3,9,8,13,10,6
2020/21,09/01/2021,Granada,Barcelona,0,4,A,4,4,8,13,16,3
2020/21,24/01/2021,Elche,Barcelona,0,2,A,2,8,4,15,15,9
2020/21,31/01/2021,Barcelona,Ath Bilbao,2,1,H,6,2,12,7,12,20
2020/21,07/02/2021,Betis,Barcelona,2,3,A,5,4,8,12,21,7
2020/21,13/02/2021,Barcelona,Alaves,5,1,H,9,2,17,6,10,14
2020/21,21/02/2021,Barcelona,Cadiz,1,1,D,4,1,20,3,13,12
2020/21,24/02/2021,Barcelona,Elche,3,0,H,5,1,9,6,8,8
2020/21,27/02/2021,Sevilla,Barcelona,0,2,A,2,5,4,9,20,9
2020/21,06/03/2021,Osasuna,Barcelona,0,2,A,3,6,10,13,4,12
2020/21,15/03/2021,Barcelona,Huesca,4,1,H,5,4,12,8,8,13
2020/21,21/03/2021,Sociedad,Barcelona,1,6,A,5,10,10,14,11,12
2020/21,05/04/2021,Barcelona,Valladolid,1,0,H,10,2,25,7,12,13
2020/21,10/04/2021,Real Madrid,Barcelona,2,1,H,3,4,14,18,16,10
2020/21,22/04/2021,Barcelona,Getafe,5,2,H,6,1,9,5,8,15
2020/21,25/04/2021,Villarreal,Barcelona,1,2,A,4,5,10,15,16,10
2020/21,29/04/2021,Barcelona,Granada,1,2,A,4,2,16,6,10,22
2020/21,02/05/2021,Valencia,Barcelona,2,3,A,4,7,9,14,12,14
2020/21,08/05/2021,Barcelona,Ath Madrid,0,0,D,7,6,12,11,13,26
2020/21,11/05/2021,Levante,Barcelona,3,3,D,6,5,16,17,12,4
2020/21,16/05/2021,Barcelona,Celta,1,2,A,4,4,20,4,9,14
2020/21,22/05/2021,Eibar,Barcelona,0,1,A,3,3,17,7,11,15
2021/22,15/08/2021,Barcelona,Sociedad,4,2,H,8,3,13,11,11,18
2021/22,21/08/2021,Ath Bilbao,Barcelona,1,1,D,7,3,16,9,15,10
2021/22,29/08/2021,Barcelona,Getafe,2,1,H,3,3,7,8,16,22
2021/22,20/09/2021,Barcelona,Granada,1,1,D,6,2,17,5,15,20
2021/22,23/09/2021,Cadiz,Barcelona,0,0,D,3,2,13,6,16,8
2021/22,26/09/2021,Barcelona,Levante,3,0,H,12,2,20,6,11,16
2021/22,02/10/2021,Ath Madrid,Barcelona,2,0,H,3,2,6,9,13,10
2021/22,17/10/2021,Barcelona,Valencia,3,1,H,5,3,12,9,16,13
2021/22,24/10/2021,Barcelona,Real Madrid,1,2,A,2,5,12,10,17,13
2021/22,27/10/2021,Vallecano,Barcelona,1,0,H,3,1,13,16,17,12
2021/22,30/10/2021,Barcelona,Alaves,1,1,D,5,2,16,3,11,11
2021/22,06/11/2021,Celta,Barcelona,3,3,D,4,6,18,10,18,18
2021/22,20/11/2021,Barcelona,Espanol,1,0,H,6,2,16,12,17,9
2021/22,27/11/2021,Villarreal,Barcelona,1,3,A,2,6,14,12,19,14
2021/22,04/12/2021,Barcelona,Betis,0,1,A,3,2,12,8,17,12
2021/22,12/12/2021,Osasuna,Barcelona,2,2,D,3,2,8,10,16,16
2021/22,18/12/2021,Barcelona,Elche,3,2,H,8,3,19,5,13,17
2021/22,21/12/2021,Sevilla,Barcelona,1,1,D,1,7,5,23,15,13
2021/22,02/01/2022,Mallorca,Barcelona,0,1,A,3,4,13,13,22,24
2021/22,08/01/2022,Granada,Barcelona,1,1,D,4,1,14,13,9,21
2021/22,23/01/2022,Alaves,Barcelona,0,1,A,2,4,6,10,16,8
2021/22,06/02/2022,Barcelona,Ath Madrid,4,2,H,4,4,9,10,15,13
2021/22,13/02/2022,Espanol,Barcelona,2,2,D,4,4,10,12,14,13
2021/22,20/02/2022,Valencia,Barcelona,1,4,A,5,6,11,6,22,16
2021/22,27/02/2022,Barcelona,Ath Bilbao,4,0,H,7,3,17,6,8,10
2021/22,06/03/2022,Elche,Barcelona,1,2,A,3,9,13,20,10,8
2021/22,13/03/2022,Barcelona,Osasuna,4,0,H,9,3,24,4,7,4
2021/22,20/03/2022,Real Madrid,Barcelona,0,4,A,4,10,14,18,9,12
2021/22,03/04/2022,Barcelona,Sevilla,1,0,H,6,3,19,8,12,8
2021/22,10/04/2022,Levante,Barcelona,2,3,A,6,7,11,14,8,7
2021/22,18/04/2022,Barcelona,Cadiz,0,1,A,6,4,18,6,16,9
2021/22,21/04/2022,Sociedad,Barcelona,0,1,A,5,1,8,11,12,9
2021/22,24/04/2022,Barcelona,Vallecano,0,1,A,5,1,18,3,10,1
2021/22,01/05/2022,Barcelona,Mallorca,2,1,H,5,2,17,6,13,12
2021/22,07/05/2022,Betis,Barcelona,1,2,A,5,5,14,11,16,18
2021/22,10/05/2022,Barcelona,Celta,3,1,H,4,5,10,13,18,6
2021/22,15/05/2022,Getafe,Barcelona,0,0,D,3,1,9,5,9,8
2021/22,22/05/2022,Barcelona,Villarreal,0,2,A,3,3,14,4,12,7
2022/23,13/08/2022,Barcelona,Vallecano,0,0,D,6,2,21,4,16,14
2022/23,21/08/2022,Sociedad,Barcelona,1,4,A,5,7,10,15,16,9
2022/23,28/08/2022,Barcelona,Valladolid,4,0,H,9,3,24,8,9,8
2022/23,03/09/2022,Sevilla,Barcelona,0,3,A,4,7,9,18,15,14
2022/23,10/09/2022,Cadiz,Barcelona,0,4,A,0,8,6,16,12,13
2022/23,17/09/2022,Barcelona,Elche,3,0,H,9,1,25,1,11,9
2022/23,01/10/2022,Mallorca,Barcelona,0,1,A,3,3,13,11,9,13
2022/23,09/10/2022,Barcelona,Celta,1,0,H,5,3,13,14,16,9
2022/23,16/10/2022,Real Madrid,Barcelona,3,1,H,4,5,8,18,11,14
2022/23,20/10/2022,Barcelona,Villarreal,3,0,H,5,1,16,5,18,11
2022/23,23/10/2022,Barcelona,Ath Bilbao,4,0,H,7,3,10,5,7,13
2022/23,29/10/2022,Valencia,Barcelona,0,1,A,2,2,3,13,13,7
2022/23,05/11/2022,Barcelona,Almeria,2,0,H,13,1,27,4,14,13
2022/23,08/11/2022,Osasuna,Barcelona,1,2,A,3,3,15,9,15,6
2022/23,31/12/2022,Barcelona,Espanol,1,1,D,6,1,21,4,11,15
2022/23,08/01/2023,Ath Madrid,Barcelona,0,1,A,5,2,20,10,8,16
2022/23,22/01/2023,Barcelona,Getafe,1,0,H,4,3,8,7,11,6
2022/23,28/01/2023,Girona,Barcelona,0,1,A,2,3,8,8,10,15
2022/23,01/02/2023,Betis,Barcelona,1,2,A,1,3,5,13,17,9
2022/23,05/02/2023,Barcelona,Sevilla,3,0,H,7,1,16,3,8,10
2022/23,12/02/2023,Villarreal,Barcelona,0,1,A,2,4,11,7,22,18
2022/23,19/02/2023,Barcelona,Cadiz,2,0,H,5,4,16,14,15,18
2022/23,26/02/2023,Almeria,Barcelona,1,0,H,4,1,7,14,13,11
2022/23,05/03/2023,Barcelona,Valencia,1,0,H,4,1,13,13,11,13
2022/23,12/03/2023,Ath Bilbao,Barcelona,0,1,A,5,2,15,10,13,7
2022/23,19/03/2023,Barcelona,Real Madrid,2,1,H,7,3,17,11,12,13
2022/23,01/04/2023,Elche,Barcelona,0,4,A,2,6,15,12,11,11
2022/23,10/04/2023,Barcelona,Girona,0,0,D,3,0,18,5,14,14
2022/23,16/04/2023,Getafe,Barcelona,0,0,D,1,3,5,15,13,12
2022/23,23/04/2023,Barcelona,Ath Madrid,1,0,H,4,3,13,13,15,16
2022/23,26/04/2023,Vallecano,Barcelona,2,1,H,6,5,9,10,10,14
2022/23,29/04/2023,Barcelona,Betis,4,0,H,8,1,15,4,10,9
2022/23,02/05/2023,Barcelona,Osasuna,1,0,H,4,2,21,7,7,10
2022/23,14/05/2023,Espanol,Barcelona,2,4,A,7,5,15,15,12,9
2022/23,20/05/2023,Barcelona,Sociedad,1,2,A,4,6,13,13,8,16
2022/23,23/05/2023,Valladolid,Barcelona,3,1,H,4,6,8,16,13,9
2022/23,28/05/2023,Barcelona,Mallorca,3,0,H,9,1,28,3,4,9
2022/23,04/06/2023,Celta,Barcelona,2,1,H,9,2,12,9,13,9
2023/24,13/08/2023,Getafe,Barcelona,0,0,D,2,4,5,14,20,11
2023/24,20/08/2023,Barcelona,Cadiz,2,0,H,10,1,23,10,9,22
2023/24,27/08/2023,Villarreal,Barcelona,3,4,A,6,11,13,21,12,14
2023/24,03/09/2023,Osasuna,Barcelona,1,2,A,3,4,11,9,6,16
2023/24,16/09/2023,Barcelona,Betis,5,0,H,9,2,17,11,9,10
2023/24,23/09/2023,Barcelona,Celta,3,2,H,6,7,15,13,10,11
2023/24,26/09/2023,Mallorca,Barcelona,2,2,D,5,4,10,10,19,7
2023/24,29/09/2023,Barcelona,Sevilla,1,0,H,5,3,18,12,11,15
2023/24,08/10/2023,Granada,Barcelona,2,2,D,2,10,7,22,12,7
2023/24,22/10/2023,Barcelona,Ath Bilbao,1,0,H,7,3,12,10,11,18
2023/24,28/10/2023,Barcelona,Real Madrid,1,2,A,3,4,15,13,15,15
2023/24,04/11/2023,Sociedad,Barcelona,0,1,A,6,4,13,12,16,8
2023/24,12/11/2023,Barcelona,Alaves,2,1,H,6,1,11,8,11,10
2023/24,25/11/2023,Vallecano,Barcelona,1,1,D,4,4,10,15,23,13
2023/24,03/12/2023,Barcelona,Ath Madrid,1,0,H,2,4,13,9,17,12
2023/24,10/12/2023,Barcelona,Girona,2,4,A,11,7,31,15,7,10
2023/24,16/12/2023,Valencia,Barcelona,1,1,D,4,8,11,16,9,11
2023/24,20/12/2023,Barcelona,Almeria,3,2,H,11,5,30,10,16,9
2023/24,04/01/2024,Las Palmas,Barcelona,1,2,A,3,5,12,15,14,5
2023/24,21/01/2024,Betis,Barcelona,2,4,A,5,4,14,11,12,9
2023/24,27/01/2024,Barcelona,Villarreal,3,5,A,10,6,22,9,8,13
2023/24,31/01/2024,Barcelona,Osasuna,1,0,H,4,1,16,9,9,12
2023/24,03/02/2024,Alaves,Barcelona,1,3,A,2,5,13,8,15,10
2023/24,11/02/2024,Barcelona,Granada,3,3,D,6,5,11,11,13,9
2023/24,17/02/2024,Celta,Barcelona,1,2,A,4,4,13,14,11,13
2023/24,24/02/2024,Barcelona,Getafe,4,0,H,9,4,17,10,12,18
2023/24,03/03/2024,Ath Bilbao,Barcelona,0,0,D,2,2,8,8,14,11
2023/24,08/03/2024,Barcelona,Mallorca,1,0,H,6,3,20,9,9,14
2023/24,17/03/2024,Ath Madrid,Barcelona,0,3,A,3,5,12,9,15,9
2023/24,30/03/2024,Barcelona,Las Palmas,1,0,H,2,0,14,8,11,9
2023/24,13/04/2024,Cadiz,Barcelona,0,1,A,3,2,14,12,17,15
2023/24,21/04/2024,Real Madrid,Barcelona,3,2,H,8,6,14,14,11,12
2023/24,29/04/2024,Barcelona,Valencia,4,2,H,13,3,27,5,12,5
2023/24,04/05/2024,Girona,Barcelona,4,2,H,7,7,9,16,11,8
2023/24,13/05/2024,Barcelona,Sociedad,2,0,H,5,3,14,10,12,14
2023/24,16/05/2024,Almeria,Barcelona,0,2,A,3,7,12,16,9,11
2023/24,19/05/2024,Barcelona,Vallecano,3,0,H,6,4,14,15,10,7
2023/24,26/05/2024,Sevilla,Barcelona,1,2,A,6,6,15,11,11,9
2024/25,17/08/2024,Valencia,Barcelona,1,2,A,1,8,6,18,11,13
2024/25,24/08/2024,Barcelona,Ath Bilbao,2,1,H,5,2,13,9,11,16
2024/25,27/08/2024,Vallecano,Barcelona,1,2,A,4,5,8,22,17,11
2024/25,31/08/2024,Barcelona,Valladolid,7,0,H,10,2,23,5,6,12
2024/25,15/09/2024,Girona,Barcelona,1,4,A,4,9,9,20,13,4
2024/25,22/09/2024,Villarreal,Barcelona,1,5,A,4,10,13,17,12,12
2024/25,25/09/2024,Barcelona,Getafe,1,0,H,4,1,16,7,4,14
2024/25,28/09/2024,Osasuna,Barcelona,4,2,H,6,5,11,12,13,3
2024/25,06/10/2024,Alaves,Barcelona,0,3,A,2,8,11,14,13,8
2024/25,20/10/2024,Barcelona,Sevilla,5,1,H,9,1,21,7,6,14
2024/25,26/10/2024,Real Madrid,Barcelona,0,4,A,4,7,9,15,15,17
2024/25,03/11/2024,Barcelona,Espanol,3,1,H,9,3,14,10,13,14
2024/25,10/11/2024,Sociedad,Barcelona,1,0,H,6,0,14,11,17,6
2024/25,23/11/2024,Celta,Barcelona,2,2,D,8,4,15,9,13,9
2024/25,30/11/2024,Barcelona,Las Palmas,1,2,A,8,3,27,5,7,11
2024/25,03/12/2024,Mallorca,Barcelona,1,5,A,1,9,6,20,13,13
2024/25,07/12/2024,Betis,Barcelona,2,2,D,6,3,12,9,15,14
2024/25,15/12/2024,Barcelona,Leganes,0,1,A,4,4,20,6,5,13
2024/25,21/12/2024,Barcelona,Ath Madrid,1,2,A,7,4,19,5,11,8
2024/25,18/01/2025,Getafe,Barcelona,1,1,D,4,5,10,21,9,9
2024/25,26/01/2025,Barcelona,Valencia,7,1,H,11,2,22,7,10,12
2024/25,02/02/2025,Barcelona,Alaves,1,0,H,4,0,11,3,8,20
2024/25,09/02/2025,Sevilla,Barcelona,1,4,A,4,6,8,10,14,6
2024/25,17/02/2025,Barcelona,Vallecano,1,0,H,5,4,14,9,11,9
2024/25,22/02/2025,Las Palmas,Barcelona,0,2,A,2,5,10,15,13,4
2024/25,02/03/2025,Barcelona,Sociedad,4,0,H,10,0,33,0,15,6
2024/25,16/03/2025,Ath Madrid,Barcelona,2,4,A,2,6,7,13,10,11
2024/25,27/03/2025,Barcelona,Osasuna,3,0,H,5,0,19,4,7,14
2024/25,30/03/2025,Barcelona,Girona,4,1,H,9,2,21,4,8,11
2024/25,05/04/2025,Barcelona,Betis,1,1,D,5,2,13,6,16,12
2024/25,12/04/2025,Leganes,Barcelona,0,1,A,1,3,6,12,10,4
2024/25,19/04/2025,Barcelona,Celta,4,3,H,6,8,18,11,10,13
2024/25,22/04/2025,Barcelona,Mallorca,1,0,H,13,0,40,4,10,7
2024/25,03/05/2025,Valladolid,Barcelona,1,2,A,4,7,5,24,12,15
2024/25,11/05/2025,Barcelona,Real Madrid,4,3,H,9,5,23,9,17,15
2024/25,15/05/2025,Espanol,Barcelona,0,2,A,1,4,9,12,8,10
2024/25,18/05/2025,Barcelona,Villarreal,2,3,A,9,3,24,7,14,9
2024/25,25/05/2025,Ath Bilbao,Barcelona,0,3,A,1,4,10,13,21,10
2025/26,16/08/2025,Mallorca,Barcelona,0,3,A,1,8,4,24,8,17
2025/26,23/08/2025,Levante,Barcelona,2,3,A,5,10,8,26,10,8
2025/26,31/08/2025,Vallecano,Barcelona,1,1,D,6,3,12,12,16,8
2025/26,14/09/2025,Barcelona,Valencia,6,0,H,10,1,24,2,9,8
2025/26,21/09/2025,Barcelona,Getafe,3,0,H,7,2,16,3,9,15
2025/26,25/09/2025,Oviedo,Barcelona,1,3,A,3,10,7,22,10,6
2025/26,28/09/2025,Barcelona,Sociedad,2,1,H,12,2,22,7,6,12
2025/26,05/10/2025,Sevilla,Barcelona,4,1,H,5,8,13,17,18,9
2025/26,18/10/2025,Barcelona,Girona,2,1,H,9,4,27,11,10,7
2025/26,26/10/2025,Real Madrid,Barcelona,2,1,H,10,6,23,15,12,9
2025/26,02/11/2025,Barcelona,Elche,3,1,H,5,3,17,9,12,16
2025/26,09/11/2025,Celta,Barcelona,2,4,A,3,9,5,21,13,10
2025/26,22/11/2025,Barcelona,Ath Bilbao,4,0,H,7,2,19,13,9,9
2025/26,29/11/2025,Barcelona,Alaves,3,1,H,6,2,18,9,10,17
2025/26,02/12/2025,Barcelona,Ath Madrid,3,1,H,6,2,19,7,12,9
2025/26,06/12/2025,Betis,Barcelona,3,5,A,5,8,17,16,14,9
2025/26,13/12/2025,Barcelona,Osasuna,2,0,H,7,2,24,3,5,8
2025/26,21/12/2025,Villarreal,Barcelona,0,2,A,5,5,14,19,10,8
2025/26,03/01/2026,Espanol,Barcelona,0,2,A,7,6,14,15,10,14
2025/26,18/01/2026,Sociedad,Barcelona,2,1,H,6,9,8,25,13,8
2025/26,25/01/2026,Barcelona,Oviedo,3,0,H,7,3,15,12,8,21
2025/26,31/01/2026,Elche,Barcelona,1,3,A,3,8,9,30,15,9
2025/26,07/02/2026,Barcelona,Mallorca,3,0,H,7,4,24,9,7,9
2025/26,16/02/2026,Girona,Barcelona,2,1,H,9,4,13,27,10,6
2025/26,22/02/2026,Barcelona,Levante,3,0,H,9,2,22,5,12,10
2025/26,28/02/2026,Barcelona,Villarreal,4,1,H,8,1,19,6,11,9
2025/26,07/03/2026,Ath Bilbao,Barcelona,0,1,A,3,2,10,7,11,9
2025/26,15/03/2026,Barcelona,Sevilla,5,2,H,8,4,13,8,5,14
2025/26,22/03/2026,Barcelona,Vallecano,1,0,H,4,4,15,8,12,11
2025/26,04/04/2026,Ath Madrid,Barcelona,1,2,A,2,8,6,22,15,11
2025/26,11/04/2026,Barcelona,Espanol,4,1,H,10,2,20,10,10,18
2025/26,22/04/2026,Barcelona,Celta,1,0,H,3,3,10,6,13,10
2025/26,25/04/2026,Getafe,Barcelona,0,2,A,0,4,4,13,15,8
2025/26,02/05/2026,Osasuna,Barcelona,1,2,A,4,4,9,13,9,10
2025/26,10/05/2026,Barcelona,Real Madrid,2,0,H,7,1,10,8,18,9
2025/26,13/05/2026,Alaves,Barcelona,1,0,H,3,0,9,8,14,8
2025/26,17/05/2026,Barcelona,Betis,3,1,H,9,2,15,7,7,8
2025/26,23/05/2026,Valencia,Barcelona,3,1,H,6,4,19,11,11,8
